fault_label,file,warning_start,fault_start,lead_time_minutes
1,WELL-00001_20140124083303.parquet,2014-01-24 21:46:39,2014-01-25 00:30:11,163.5
1,WELL-00002_20140126180030.parquet,2014-01-26 20:19:44,2014-01-26 22:09:59,110.2
1,WELL-00006_20170731170930.parquet,2017-08-01 09:32:22,2017-08-01 20:23:52,651.5
1,WELL-00006_20180617190257.parquet,2018-06-18 08:01:46,2018-06-18 10:45:29,163.7
2,WELL-00002_20131104004101.parquet,2013-11-04 02:43:36,2013-11-04 04:09:25,85.8
2,WELL-00003_20141122190000.parquet,2014-11-22 22:23:25,2014-11-23 00:18:54,115.5
2,WELL-00003_20170728130240.parquet,2017-07-28 15:41:32,2017-07-28 16:55:01,73.5
2,WELL-00003_20180206171508.parquet,2018-02-06 18:40:01,2018-02-06 19:44:31,64.5
2,WELL-00009_20170313150804.parquet,2017-03-13 17:06:46,2017-03-13 17:41:42,34.9
2,WELL-00010_20171218180131.parquet,2017-12-18 20:39:55,2017-12-18 21:15:54,36.0
2,WELL-00011_20140515083000.parquet,2014-05-15 11:22:54,2014-05-15 14:30:15,187.3
2,WELL-00011_20140606213810.parquet,2014-06-06 23:32:27,2014-06-07 02:30:03,177.6
2,WELL-00011_20140823230118.parquet,2014-08-24 00:48:25,2014-08-24 04:01:53,193.5
2,WELL-00012_20170320011000.parquet,2017-03-20 03:43:07,2017-03-20 03:58:44,15.6
2,WELL-00013_20170329010229.parquet,2017-03-29 03:03:05,2017-03-29 04:40:30,97.4
5,WELL-00015_20170620122925.parquet,2017-06-20 16:39:52,2017-06-20 19:12:52,153.0
5,WELL-00016_20180405005319.parquet,2018-04-05 02:22:55,2018-04-05 02:57:06,34.2
5,WELL-00016_20180426135108.parquet,2018-04-26 14:57:23,2018-04-26 15:40:07,42.7
5,WELL-00016_20180517212322.parquet,2018-05-17 22:45:36,2018-05-17 23:37:27,51.9
5,WELL-00020_20140314144539.parquet,2014-03-14 17:50:47,2014-03-16 08:02:54,2292.1
5,WELL-00020_20140317130658.parquet,2014-03-17 16:34:19,2014-03-18 01:13:36,519.3
5,WELL-00020_20140319110000.parquet,2014-03-19 15:28:07,2014-03-20 03:49:54,741.8
6,WELL-00002_20140212160333.parquet,2014-02-12 21:13:50,2014-02-12 21:55:15,41.4
6,WELL-00002_20140301141700.parquet,2014-03-01 18:01:22,2014-03-01 18:14:24,13.0
6,WELL-00002_20140325160304.parquet,2014-03-25 18:36:40,2014-03-25 19:00:00,23.3
6,WELL-00004_20171031171509.parquet,2017-10-31 18:58:58,2017-10-31 19:10:27,11.5
6,WELL-00004_20171031181500.parquet,2017-10-31 19:37:06,2017-10-31 19:45:50,8.7
6,WELL-00004_20171031184839.parquet,2017-10-31 20:14:52,2017-10-31 20:26:21,11.5
7,WELL-00001_20170226130146.parquet,2017-02-26 23:24:16,2017-02-27 10:03:11,638.9
7,WELL-00006_20180618103000.parquet,2018-06-18 13:00:01,2018-06-19 22:11:43,1991.7
7,WELL-00006_20180620152903.parquet,2018-06-20 19:57:28,2018-06-21 18:03:49,1326.3
7,WELL-00021_20180611011218.parquet,2018-06-11 07:04:06,2018-06-11 13:38:41,394.6
7,WELL-00024_20160923141645.parquet,2016-09-23 16:59:36,2016-09-24 05:00:00,720.4
8,WELL-00019_20120601165020.parquet,2012-06-02 22:23:31,2012-06-04 06:39:59,1936.5
8,WELL-00019_20141117190526.parquet,2014-11-18 07:27:40,2014-11-21 08:11:34,4363.9
8,WELL-00019_20150614025713.parquet,2015-06-14 18:33:14,2015-06-16 00:57:49,1824.6
8,WELL-00019_20210617032654.parquet,2021-06-17 18:38:56,2021-06-19 23:56:50,3197.9
8,WELL-00025_20200629194141.parquet,2020-06-30 20:30:57,2020-07-07 17:47:04,9916.1
8,WELL-00026_20160601130000.parquet,2016-06-01 19:58:20,2016-06-03 15:25:22,2607.0
8,WELL-00027_20230918170106.parquet,2023-09-19 07:38:48,2023-09-26 06:01:13,9982.4
8,WELL-00028_20210617053128.parquet,2021-06-17 18:39:18,2021-06-20 22:20:03,4540.8
8,WELL-00029_20201020231724.parquet,2020-10-21 16:10:48,2020-10-22 15:03:30,1372.7
8,WELL-00030_20141108012623.parquet,2014-11-08 11:08:37,2014-11-09 19:58:07,1969.5
8,WELL-00031_20140403170404.parquet,2014-04-04 01:16:46,2014-04-07 20:59:26,5502.7
8,WELL-00032_20110830235321.parquet,2011-08-31 10:56:04,2011-09-01 10:46:16,1430.2
9,WELL-00014_20170214190000.parquet,2017-02-15 00:44:14,2017-02-15 00:55:06,10.9
9,WELL-00016_20150418132043.parquet,2015-04-18 14:29:56,2015-04-18 16:13:17,103.3
9,WELL-00042_20141218051903.parquet,2014-12-18 08:06:28,2014-12-18 16:48:09,521.7
